{
  "s42_dgp1_dr_nt": {
    "seed": 42,
    "dgp_type": 1,
    "est_method": "dr",
    "control_group": "nevertreated",
    "n": 500,
    "gt_att": [
      -4.2895749855,
      -8.0409130843,
      14.4068707444,
      40.2656811791
    ],
    "gt_se": [
      11.6417919549,
      23.2527788237,
      10.3942031714,
      10.4325028214
    ],
    "gt_groups": [
      2,
      2,
      3,
      3
    ],
    "gt_periods": [
      2,
      3,
      2,
      3
    ],
    "overall_att_simple": 13.4654780225,
    "overall_se_simple": 12.9490509622,
    "overall_att_es": 7.0746899675,
    "overall_se_es": 15.8100875545,
    "es_event_times": [
      -1,
      0,
      1
    ],
    "es_att": [
      14.4068707444,
      22.1902930193,
      -8.0409130843
    ],
    "es_se": [
      10.3942031714,
      9.5837019291,
      23.2527788237
    ]
  },
  "s42_dgp1_ipw_nt": {
    "seed": 42,
    "dgp_type": 1,
    "est_method": "ipw",
    "control_group": "nevertreated",
    "n": 500,
    "gt_att": [
      -4.2895749855,
      -8.0409130843,
      14.4068707444,
      40.2656811791
    ],
    "gt_se": [
      11.6417919549,
      23.2527788237,
      10.3942031714,
      10.4325028214
    ],
    "gt_groups": [
      2,
      2,
      3,
      3
    ],
    "gt_periods": [
      2,
      3,
      2,
      3
    ],
    "overall_att_simple": 13.4654780225,
    "overall_se_simple": 12.9490509622,
    "overall_att_es": 7.0746899675,
    "overall_se_es": 15.8100875545,
    "es_event_times": [
      -1,
      0,
      1
    ],
    "es_att": [
      14.4068707444,
      22.1902930193,
      -8.0409130843
    ],
    "es_se": [
      10.3942031714,
      9.5837019291,
      23.2527788237
    ]
  },
  "s42_dgp1_reg_nt": {
    "seed": 42,
    "dgp_type": 1,
    "est_method": "reg",
    "control_group": "nevertreated",
    "n": 500,
    "gt_att": [
      -4.2895749855,
      -8.0409130843,
      14.4068707444,
      40.2656811791
    ],
    "gt_se": [
      11.6417919549,
      23.2527788237,
      10.3942031714,
      10.4325028214
    ],
    "gt_groups": [
      2,
      2,
      3,
      3
    ],
    "gt_periods": [
      2,
      3,
      2,
      3
    ],
    "overall_att_simple": 13.4654780225,
    "overall_se_simple": 12.9490509622,
    "overall_att_es": 7.0746899675,
    "overall_se_es": 15.8100875545,
    "es_event_times": [
      -1,
      0,
      1
    ],
    "es_att": [
      14.4068707444,
      22.1902930193,
      -8.0409130843
    ],
    "es_se": [
      10.3942031714,
      9.5837019291,
      23.2527788237
    ]
  },
  "s42_dgp1_dr_nyt": {
    "seed": 42,
    "dgp_type": 1,
    "est_method": "dr",
    "control_group": "notyettreated",
    "n": 500,
    "gt_att": [
      -12.5200130879,
      -8.0409130843,
      14.4068707444,
      40.2656811791
    ],
    "gt_se": [
      10.0235582937,
      23.2527788237,
      10.3942031714,
      10.4325028214
    ],
    "gt_groups": [
      2,
      2,
      3,
      3
    ],
    "gt_periods": [
      2,
      3,
      2,
      3
    ],
    "overall_att_simple": 11.090149379,
    "overall_se_simple": 11.7530219528,
    "overall_att_es": 5.4052083369,
    "overall_se_es": 15.0614586108,
    "es_event_times": [
      -1,
      0,
      1
    ],
    "es_att": [
      14.4068707444,
      18.8513297581,
      -8.0409130843
    ],
    "es_se": [
      10.3942031714,
      7.5310394332,
      23.2527788237
    ]
  },
  "s42_dgp1_ipw_nyt": {
    "seed": 42,
    "dgp_type": 1,
    "est_method": "ipw",
    "control_group": "notyettreated",
    "n": 500,
    "gt_att": [
      -12.5200130879,
      -8.0409130843,
      14.4068707444,
      40.2656811791
    ],
    "gt_se": [
      10.0235582937,
      23.2527788237,
      10.3942031714,
      10.4325028214
    ],
    "gt_groups": [
      2,
      2,
      3,
      3
    ],
    "gt_periods": [
      2,
      3,
      2,
      3
    ],
    "overall_att_simple": 11.090149379,
    "overall_se_simple": 11.7530219528,
    "overall_att_es": 5.4052083369,
    "overall_se_es": 15.0614586108,
    "es_event_times": [
      -1,
      0,
      1
    ],
    "es_att": [
      14.4068707444,
      18.8513297581,
      -8.0409130843
    ],
    "es_se": [
      10.3942031714,
      7.5310394332,
      23.2527788237
    ]
  },
  "s42_dgp1_reg_nyt": {
    "seed": 42,
    "dgp_type": 1,
    "est_method": "reg",
    "control_group": "notyettreated",
    "n": 500,
    "gt_att": [
      -12.5200130879,
      -8.0409130843,
      14.4068707444,
      40.2656811791
    ],
    "gt_se": [
      10.0235582937,
      23.2527788237,
      10.3942031714,
      10.4325028214
    ],
    "gt_groups": [
      2,
      2,
      3,
      3
    ],
    "gt_periods": [
      2,
      3,
      2,
      3
    ],
    "overall_att_simple": 11.090149379,
    "overall_se_simple": 11.7530219528,
    "overall_att_es": 5.4052083369,
    "overall_se_es": 15.0614586108,
    "es_event_times": [
      -1,
      0,
      1
    ],
    "es_att": [
      14.4068707444,
      18.8513297581,
      -8.0409130843
    ],
    "es_se": [
      10.3942031714,
      7.5310394332,
      23.2527788237
    ]
  },
  "s123_dgp1_dr_nt": {
    "seed": 123,
    "dgp_type": 1,
    "est_method": "dr",
    "control_group": "nevertreated",
    "n": 500,
    "gt_att": [
      -30.4816411381,
      -60.301430309,
      -0.14060031214,
      25.6269104574
    ],
    "gt_se": [
      12.3967456892,
      24.817021537,
      11.0895798505,
      11.1181835728
    ],
    "gt_groups": [
      2,
      2,
      3,
      3
    ],
    "gt_periods": [
      2,
      3,
      2,
      3
    ],
    "overall_att_simple": -17.6122115371,
    "overall_se_simple": 14.3483869454,
    "overall_att_es": -29.6152926099,
    "overall_se_es": 17.100452042,
    "es_event_times": [
      -1,
      0,
      1
    ],
    "es_att": [
      -0.14060031214,
      1.0708450892,
      -60.301430309
    ],
    "es_se": [
      11.0895798505,
      10.4311952126,
      24.817021537
    ]
  },
  "s123_dgp1_dr_nyt": {
    "seed": 123,
    "dgp_type": 1,
    "est_method": "dr",
    "control_group": "notyettreated",
    "n": 500,
    "gt_att": [
      -30.3925860449,
      -60.301430309,
      -0.14060031214,
      25.6269104574
    ],
    "gt_se": [
      10.2250248431,
      24.817021537,
      11.0895798505,
      11.1181835728
    ],
    "gt_groups": [
      2,
      2,
      3,
      3
    ],
    "gt_periods": [
      2,
      3,
      2,
      3
    ],
    "overall_att_simple": -17.5851012281,
    "overall_se_simple": 12.8229170295,
    "overall_att_es": -29.5958050039,
    "overall_se_es": 16.0890826653,
    "es_event_times": [
      -1,
      0,
      1
    ],
    "es_att": [
      -0.14060031214,
      1.1098203011,
      -60.301430309
    ],
    "es_se": [
      11.0895798505,
      7.8080793406,
      24.817021537
    ]
  },
  "s99_dgp1_dr_nt": {
    "seed": 99,
    "dgp_type": 1,
    "est_method": "dr",
    "control_group": "nevertreated",
    "n": 500,
    "gt_att": [
      -25.7895616581,
      -51.484602289,
      9.2177688646,
      34.9176618395
    ],
    "gt_se": [
      11.9352387779,
      23.8073598259,
      11.5336505891,
      11.4634356921
    ],
    "gt_groups": [
      2,
      2,
      3,
      3
    ],
    "gt_periods": [
      2,
      3,
      2,
      3
    ],
    "overall_att_simple": -10.5056185503,
    "overall_se_simple": 13.788768701,
    "overall_att_es": -21.8424440009,
    "overall_se_es": 16.3348770902,
    "es_event_times": [
      -1,
      0,
      1
    ],
    "es_att": [
      9.2177688646,
      7.7997142873,
      -51.484602289
    ],
    "es_se": [
      11.5336505891,
      10.1564818631,
      23.8073598259
    ]
  },
  "s99_dgp1_dr_nyt": {
    "seed": 99,
    "dgp_type": 1,
    "est_method": "dr",
    "control_group": "notyettreated",
    "n": 500,
    "gt_att": [
      -30.3503639125,
      -51.484602289,
      9.2177688646,
      34.9176618395
    ],